group,isono,scenario,education,mortality,fertility,migration
HiFert,84,1,FT-GET,Low,Low,Medium
HiFert,524,1,FT-GET,Low,Low,Medium
HiFert,418,1,FT-GET,Low,Low,Medium
HiFert,682,1,FT-GET,Low,Low,Medium
HiFert,600,1,FT-GET,Low,Low,Medium
HiFert,760,1,FT-GET,Low,Low,Medium
HiFert,608,1,FT-GET,Low,Low,Medium
HiFert,400,1,FT-GET,Low,Low,Medium
HiFert,254,1,FT-GET,Low,Low,Medium
HiFert,340,1,FT-GET,Low,Low,Medium
HiFert,266,1,FT-GET,Low,Low,Medium
HiFert,426,1,FT-GET,Low,Low,Medium
HiFert,516,1,FT-GET,Low,Low,Medium
HiFert,762,1,FT-GET,Low,Low,Medium
HiFert,716,1,FT-GET,Low,Low,Medium
HiFert,68,1,FT-GET,Low,Low,Medium
HiFert,332,1,FT-GET,Low,Low,Medium
HiFert,748,1,FT-GET,Low,Low,Medium
HiFert,583,1,FT-GET,Low,Low,Medium
HiFert,586,1,FT-GET,Low,Low,Medium
HiFert,678,1,FT-GET,Low,Low,Medium
HiFert,262,1,FT-GET,Low,Low,Medium
HiFert,882,1,FT-GET,Low,Low,Medium
HiFert,548,1,FT-GET,Low,Low,Medium
HiFert,776,1,FT-GET,Low,Low,Medium
HiFert,598,1,FT-GET,Low,Low,Medium
HiFert,320,1,FT-GET,Low,Low,Medium
HiFert,175,1,FT-GET,Low,Low,Medium
HiFert,768,1,FT-GET,Low,Low,Medium
HiFert,288,1,FT-GET,Low,Low,Medium
HiFert,90,1,FT-GET,Low,Low,Medium
HiFert,231,1,FT-GET,Low,Low,Medium
HiFert,736,1,FT-GET,Low,Low,Medium
HiFert,178,1,FT-GET,Low,Low,Medium
HiFert,384,1,FT-GET,Low,Low,Medium
HiFert,275,1,FT-GET,Low,Low,Medium
HiFert,108,1,FT-GET,Low,Low,Medium
HiFert,120,1,FT-GET,Low,Low,Medium
HiFert,232,1,FT-GET,Low,Low,Medium
HiFert,478,1,FT-GET,Low,Low,Medium
HiFert,404,1,FT-GET,Low,Low,Medium
HiFert,450,1,FT-GET,Low,Low,Medium
HiFert,140,1,FT-GET,Low,Low,Medium
HiFert,368,1,FT-GET,Low,Low,Medium
HiFert,686,1,FT-GET,Low,Low,Medium
HiFert,174,1,FT-GET,Low,Low,Medium
HiFert,270,1,FT-GET,Low,Low,Medium
HiFert,508,1,FT-GET,Low,Low,Medium
HiFert,694,1,FT-GET,Low,Low,Medium
HiFert,624,1,FT-GET,Low,Low,Medium
HiFert,226,1,FT-GET,Low,Low,Medium
HiFert,430,1,FT-GET,Low,Low,Medium
HiFert,646,1,FT-GET,Low,Low,Medium
HiFert,324,1,FT-GET,Low,Low,Medium
HiFert,887,1,FT-GET,Low,Low,Medium
HiFert,204,1,FT-GET,Low,Low,Medium
HiFert,834,1,FT-GET,Low,Low,Medium
HiFert,566,1,FT-GET,Low,Low,Medium
HiFert,24,1,FT-GET,Low,Low,Medium
HiFert,854,1,FT-GET,Low,Low,Medium
HiFert,454,1,FT-GET,Low,Low,Medium
HiFert,180,1,FT-GET,Low,Low,Medium
HiFert,894,1,FT-GET,Low,Low,Medium
HiFert,148,1,FT-GET,Low,Low,Medium
HiFert,800,1,FT-GET,Low,Low,Medium
HiFert,706,1,FT-GET,Low,Low,Medium
HiFert,466,1,FT-GET,Low,Low,Medium
HiFert,626,1,FT-GET,Low,Low,Medium
HiFert,4,1,FT-GET,Low,Low,Medium
HiFert,562,1,FT-GET,Low,Low,Medium
LoFert,344,1,FT-GET,Low,Low,Medium
LoFert,446,1,FT-GET,Low,Low,Medium
LoFert,70,1,FT-GET,Low,Low,Medium
LoFert,702,1,FT-GET,Low,Low,Medium
LoFert,642,1,FT-GET,Low,Low,Medium
LoFert,470,1,FT-GET,Low,Low,Medium
LoFert,112,1,FT-GET,Low,Low,Medium
LoFert,804,1,FT-GET,Low,Low,Medium
LoFert,428,1,FT-GET,Low,Low,Medium
LoFert,440,1,FT-GET,Low,Low,Medium
LoFert,830,1,FT-GET,Low,Low,Medium
LoFert,191,1,FT-GET,Low,Low,Medium
LoFert,643,1,FT-GET,Low,Low,Medium
LoFert,100,1,FT-GET,Low,Low,Medium
LoFert,807,1,FT-GET,Low,Low,Medium
LoFert,498,1,FT-GET,Low,Low,Medium
LoFert,192,1,FT-GET,Low,Low,Medium
LoFert,196,1,FT-GET,Low,Low,Medium
LoFert,52,1,FT-GET,Low,Low,Medium
LoFert,268,1,FT-GET,Low,Low,Medium
LoFert,8,1,FT-GET,Low,Low,Medium
LoFert,688,1,FT-GET,Low,Low,Medium
LoFert,764,1,FT-GET,Low,Low,Medium
LoFert,156,1,FT-GET,Low,Low,Medium
LoFert,780,1,FT-GET,Low,Low,Medium
LoFert,480,1,FT-GET,Low,Low,Medium
LoFert,499,1,FT-GET,Low,Low,Medium
LoFert,51,1,FT-GET,Low,Low,Medium
LoFert,533,1,FT-GET,Low,Low,Medium
LoFert,364,1,FT-GET,Low,Low,Medium
LoFert,630,1,FT-GET,Low,Low,Medium
LoFert,422,1,FT-GET,Low,Low,Medium
LoFert,784,1,FT-GET,Low,Low,Medium
LoFert,704,1,FT-GET,Low,Low,Medium
LoFert,462,1,FT-GET,Low,Low,Medium
LoFert,76,1,FT-GET,Low,Low,Medium
LoFert,152,1,FT-GET,Low,Low,Medium
LoFert,44,1,FT-GET,Low,Low,Medium
LoFert,474,1,FT-GET,Low,Low,Medium
LoFert,188,1,FT-GET,Low,Low,Medium
LoFert,530,1,FT-GET,Low,Low,Medium
LoFert,788,1,FT-GET,Low,Low,Medium
LoFert,408,1,FT-GET,Low,Low,Medium
LoFert,662,1,FT-GET,Low,Low,Medium
LoFert,850,1,FT-GET,Low,Low,Medium
LoFert,104,1,FT-GET,Low,Low,Medium
LoFert,96,1,FT-GET,Low,Low,Medium
LoFert,858,1,FT-GET,Low,Low,Medium
LoFert,670,1,FT-GET,Low,Low,Medium
LoFert,312,1,FT-GET,Low,Low,Medium
LoFert,792,1,FT-GET,Low,Low,Medium
LoFert,31,1,FT-GET,Low,Low,Medium
LoFert,258,1,FT-GET,Low,Low,Medium
LoFert,360,1,FT-GET,Low,Low,Medium
LoFert,540,1,FT-GET,Low,Low,Medium
LoFert,32,1,FT-GET,Low,Low,Medium
LoFert,308,1,FT-GET,Low,Low,Medium
LoFert,414,1,FT-GET,Low,Low,Medium
LoFert,328,1,FT-GET,Low,Low,Medium
LoFert,222,1,FT-GET,Low,Low,Medium
LoFert,144,1,FT-GET,Low,Low,Medium
LoFert,12,1,FT-GET,Low,Low,Medium
LoFert,504,1,FT-GET,Low,Low,Medium
LoFert,50,1,FT-GET,Low,Low,Medium
LoFert,638,1,FT-GET,Low,Low,Medium
LoFert,634,1,FT-GET,Low,Low,Medium
LoFert,388,1,FT-GET,Low,Low,Medium
LoFert,484,1,FT-GET,Low,Low,Medium
LoFert,740,1,FT-GET,Low,Low,Medium
LoFert,170,1,FT-GET,Low,Low,Medium
LoFert,496,1,FT-GET,Low,Low,Medium
LoFert,795,1,FT-GET,Low,Low,Medium
LoFert,512,1,FT-GET,Low,Low,Medium
LoFert,398,1,FT-GET,Low,Low,Medium
LoFert,316,1,FT-GET,Low,Low,Medium
LoFert,710,1,FT-GET,Low,Low,Medium
LoFert,862,1,FT-GET,Low,Low,Medium
LoFert,591,1,FT-GET,Low,Low,Medium
LoFert,218,1,FT-GET,Low,Low,Medium
LoFert,132,1,FT-GET,Low,Low,Medium
LoFert,604,1,FT-GET,Low,Low,Medium
LoFert,64,1,FT-GET,Low,Low,Medium
LoFert,48,1,FT-GET,Low,Low,Medium
LoFert,214,1,FT-GET,Low,Low,Medium
LoFert,732,1,FT-GET,Low,Low,Medium
LoFert,417,1,FT-GET,Low,Low,Medium
LoFert,434,1,FT-GET,Low,Low,Medium
LoFert,458,1,FT-GET,Low,Low,Medium
LoFert,356,1,FT-GET,Low,Low,Medium
LoFert,242,1,FT-GET,Low,Low,Medium
LoFert,558,1,FT-GET,Low,Low,Medium
LoFert,116,1,FT-GET,Low,Low,Medium
LoFert,818,1,FT-GET,Low,Low,Medium
LoFert,72,1,FT-GET,Low,Low,Medium
LoFert,860,1,FT-GET,Low,Low,Medium
RiOECD,703,1,FT-GET,Low,Medium,Medium
RiOECD,410,1,FT-GET,Low,Medium,Medium
RiOECD,392,1,FT-GET,Low,Medium,Medium
RiOECD,616,1,FT-GET,Low,Medium,Medium
RiOECD,348,1,FT-GET,Low,Medium,Medium
RiOECD,620,1,FT-GET,Low,Medium,Medium
RiOECD,276,1,FT-GET,Low,Medium,Medium
RiOECD,380,1,FT-GET,Low,Medium,Medium
RiOECD,40,1,FT-GET,Low,Medium,Medium
RiOECD,705,1,FT-GET,Low,Medium,Medium
RiOECD,203,1,FT-GET,Low,Medium,Medium
RiOECD,724,1,FT-GET,Low,Medium,Medium
RiOECD,300,1,FT-GET,Low,Medium,Medium
RiOECD,756,1,FT-GET,Low,Medium,Medium
RiOECD,442,1,FT-GET,Low,Medium,Medium
RiOECD,233,1,FT-GET,Low,Medium,Medium
RiOECD,124,1,FT-GET,Low,Medium,Medium
RiOECD,528,1,FT-GET,Low,Medium,Medium
RiOECD,56,1,FT-GET,Low,Medium,Medium
RiOECD,826,1,FT-GET,Low,Medium,Medium
RiOECD,246,1,FT-GET,Low,Medium,Medium
RiOECD,208,1,FT-GET,Low,Medium,Medium
RiOECD,752,1,FT-GET,Low,Medium,Medium
RiOECD,578,1,FT-GET,Low,Medium,Medium
RiOECD,36,1,FT-GET,Low,Medium,Medium
RiOECD,250,1,FT-GET,Low,Medium,Medium
RiOECD,840,1,FT-GET,Low,Medium,Medium
RiOECD,352,1,FT-GET,Low,Medium,Medium
RiOECD,372,1,FT-GET,Low,Medium,Medium
RiOECD,554,1,FT-GET,Low,Medium,Medium
RiOECD,376,1,FT-GET,Low,Medium,Medium
HiFert,84,2,GET,Medium,Medium,Medium
HiFert,524,2,GET,Medium,Medium,Medium
HiFert,418,2,GET,Medium,Medium,Medium
HiFert,682,2,GET,Medium,Medium,Medium
HiFert,600,2,GET,Medium,Medium,Medium
HiFert,760,2,GET,Medium,Medium,Medium
HiFert,608,2,GET,Medium,Medium,Medium
HiFert,400,2,GET,Medium,Medium,Medium
HiFert,254,2,GET,Medium,Medium,Medium
HiFert,340,2,GET,Medium,Medium,Medium
HiFert,266,2,GET,Medium,Medium,Medium
HiFert,426,2,GET,Medium,Medium,Medium
HiFert,516,2,GET,Medium,Medium,Medium
HiFert,762,2,GET,Medium,Medium,Medium
HiFert,716,2,GET,Medium,Medium,Medium
HiFert,68,2,GET,Medium,Medium,Medium
HiFert,332,2,GET,Medium,Medium,Medium
HiFert,748,2,GET,Medium,Medium,Medium
HiFert,583,2,GET,Medium,Medium,Medium
HiFert,586,2,GET,Medium,Medium,Medium
HiFert,678,2,GET,Medium,Medium,Medium
HiFert,262,2,GET,Medium,Medium,Medium
HiFert,882,2,GET,Medium,Medium,Medium
HiFert,548,2,GET,Medium,Medium,Medium
HiFert,776,2,GET,Medium,Medium,Medium
HiFert,598,2,GET,Medium,Medium,Medium
HiFert,320,2,GET,Medium,Medium,Medium
HiFert,175,2,GET,Medium,Medium,Medium
HiFert,768,2,GET,Medium,Medium,Medium
HiFert,288,2,GET,Medium,Medium,Medium
HiFert,90,2,GET,Medium,Medium,Medium
HiFert,231,2,GET,Medium,Medium,Medium
HiFert,736,2,GET,Medium,Medium,Medium
HiFert,178,2,GET,Medium,Medium,Medium
HiFert,384,2,GET,Medium,Medium,Medium
HiFert,275,2,GET,Medium,Medium,Medium
HiFert,108,2,GET,Medium,Medium,Medium
HiFert,120,2,GET,Medium,Medium,Medium
HiFert,232,2,GET,Medium,Medium,Medium
HiFert,478,2,GET,Medium,Medium,Medium
HiFert,404,2,GET,Medium,Medium,Medium
HiFert,450,2,GET,Medium,Medium,Medium
HiFert,140,2,GET,Medium,Medium,Medium
HiFert,368,2,GET,Medium,Medium,Medium
HiFert,686,2,GET,Medium,Medium,Medium
HiFert,174,2,GET,Medium,Medium,Medium
HiFert,270,2,GET,Medium,Medium,Medium
HiFert,508,2,GET,Medium,Medium,Medium
HiFert,694,2,GET,Medium,Medium,Medium
HiFert,624,2,GET,Medium,Medium,Medium
HiFert,226,2,GET,Medium,Medium,Medium
HiFert,430,2,GET,Medium,Medium,Medium
HiFert,646,2,GET,Medium,Medium,Medium
HiFert,324,2,GET,Medium,Medium,Medium
HiFert,887,2,GET,Medium,Medium,Medium
HiFert,204,2,GET,Medium,Medium,Medium
HiFert,834,2,GET,Medium,Medium,Medium
HiFert,566,2,GET,Medium,Medium,Medium
HiFert,24,2,GET,Medium,Medium,Medium
HiFert,854,2,GET,Medium,Medium,Medium
HiFert,454,2,GET,Medium,Medium,Medium
HiFert,180,2,GET,Medium,Medium,Medium
HiFert,894,2,GET,Medium,Medium,Medium
HiFert,148,2,GET,Medium,Medium,Medium
HiFert,800,2,GET,Medium,Medium,Medium
HiFert,706,2,GET,Medium,Medium,Medium
HiFert,466,2,GET,Medium,Medium,Medium
HiFert,626,2,GET,Medium,Medium,Medium
HiFert,4,2,GET,Medium,Medium,Medium
HiFert,562,2,GET,Medium,Medium,Medium
LoFert,344,2,GET,Medium,Medium,Medium
LoFert,446,2,GET,Medium,Medium,Medium
LoFert,70,2,GET,Medium,Medium,Medium
LoFert,702,2,GET,Medium,Medium,Medium
LoFert,642,2,GET,Medium,Medium,Medium
LoFert,470,2,GET,Medium,Medium,Medium
LoFert,112,2,GET,Medium,Medium,Medium
LoFert,804,2,GET,Medium,Medium,Medium
LoFert,428,2,GET,Medium,Medium,Medium
LoFert,440,2,GET,Medium,Medium,Medium
LoFert,830,2,GET,Medium,Medium,Medium
LoFert,191,2,GET,Medium,Medium,Medium
LoFert,643,2,GET,Medium,Medium,Medium
LoFert,100,2,GET,Medium,Medium,Medium
LoFert,807,2,GET,Medium,Medium,Medium
LoFert,498,2,GET,Medium,Medium,Medium
LoFert,192,2,GET,Medium,Medium,Medium
LoFert,196,2,GET,Medium,Medium,Medium
LoFert,52,2,GET,Medium,Medium,Medium
LoFert,268,2,GET,Medium,Medium,Medium
LoFert,8,2,GET,Medium,Medium,Medium
LoFert,688,2,GET,Medium,Medium,Medium
LoFert,764,2,GET,Medium,Medium,Medium
LoFert,156,2,GET,Medium,Medium,Medium
LoFert,780,2,GET,Medium,Medium,Medium
LoFert,480,2,GET,Medium,Medium,Medium
LoFert,499,2,GET,Medium,Medium,Medium
LoFert,51,2,GET,Medium,Medium,Medium
LoFert,533,2,GET,Medium,Medium,Medium
LoFert,364,2,GET,Medium,Medium,Medium
LoFert,630,2,GET,Medium,Medium,Medium
LoFert,422,2,GET,Medium,Medium,Medium
LoFert,784,2,GET,Medium,Medium,Medium
LoFert,704,2,GET,Medium,Medium,Medium
LoFert,462,2,GET,Medium,Medium,Medium
LoFert,76,2,GET,Medium,Medium,Medium
LoFert,152,2,GET,Medium,Medium,Medium
LoFert,44,2,GET,Medium,Medium,Medium
LoFert,474,2,GET,Medium,Medium,Medium
LoFert,188,2,GET,Medium,Medium,Medium
LoFert,530,2,GET,Medium,Medium,Medium
LoFert,788,2,GET,Medium,Medium,Medium
LoFert,408,2,GET,Medium,Medium,Medium
LoFert,662,2,GET,Medium,Medium,Medium
LoFert,850,2,GET,Medium,Medium,Medium
LoFert,104,2,GET,Medium,Medium,Medium
LoFert,96,2,GET,Medium,Medium,Medium
LoFert,858,2,GET,Medium,Medium,Medium
LoFert,670,2,GET,Medium,Medium,Medium
LoFert,312,2,GET,Medium,Medium,Medium
LoFert,792,2,GET,Medium,Medium,Medium
LoFert,31,2,GET,Medium,Medium,Medium
LoFert,258,2,GET,Medium,Medium,Medium
LoFert,360,2,GET,Medium,Medium,Medium
LoFert,540,2,GET,Medium,Medium,Medium
LoFert,32,2,GET,Medium,Medium,Medium
LoFert,308,2,GET,Medium,Medium,Medium
LoFert,414,2,GET,Medium,Medium,Medium
LoFert,328,2,GET,Medium,Medium,Medium
LoFert,222,2,GET,Medium,Medium,Medium
LoFert,144,2,GET,Medium,Medium,Medium
LoFert,12,2,GET,Medium,Medium,Medium
LoFert,504,2,GET,Medium,Medium,Medium
LoFert,50,2,GET,Medium,Medium,Medium
LoFert,638,2,GET,Medium,Medium,Medium
LoFert,634,2,GET,Medium,Medium,Medium
LoFert,388,2,GET,Medium,Medium,Medium
LoFert,484,2,GET,Medium,Medium,Medium
LoFert,740,2,GET,Medium,Medium,Medium
LoFert,170,2,GET,Medium,Medium,Medium
LoFert,496,2,GET,Medium,Medium,Medium
LoFert,795,2,GET,Medium,Medium,Medium
LoFert,512,2,GET,Medium,Medium,Medium
LoFert,398,2,GET,Medium,Medium,Medium
LoFert,316,2,GET,Medium,Medium,Medium
LoFert,710,2,GET,Medium,Medium,Medium
LoFert,862,2,GET,Medium,Medium,Medium
LoFert,591,2,GET,Medium,Medium,Medium
LoFert,218,2,GET,Medium,Medium,Medium
LoFert,132,2,GET,Medium,Medium,Medium
LoFert,604,2,GET,Medium,Medium,Medium
LoFert,64,2,GET,Medium,Medium,Medium
LoFert,48,2,GET,Medium,Medium,Medium
LoFert,214,2,GET,Medium,Medium,Medium
LoFert,732,2,GET,Medium,Medium,Medium
LoFert,417,2,GET,Medium,Medium,Medium
LoFert,434,2,GET,Medium,Medium,Medium
LoFert,458,2,GET,Medium,Medium,Medium
LoFert,356,2,GET,Medium,Medium,Medium
LoFert,242,2,GET,Medium,Medium,Medium
LoFert,558,2,GET,Medium,Medium,Medium
LoFert,116,2,GET,Medium,Medium,Medium
LoFert,818,2,GET,Medium,Medium,Medium
LoFert,72,2,GET,Medium,Medium,Medium
LoFert,860,2,GET,Medium,Medium,Medium
RiOECD,703,2,GET,Medium,Medium,Medium
RiOECD,410,2,GET,Medium,Medium,Medium
RiOECD,392,2,GET,Medium,Medium,Medium
RiOECD,616,2,GET,Medium,Medium,Medium
RiOECD,348,2,GET,Medium,Medium,Medium
RiOECD,620,2,GET,Medium,Medium,Medium
RiOECD,276,2,GET,Medium,Medium,Medium
RiOECD,380,2,GET,Medium,Medium,Medium
RiOECD,40,2,GET,Medium,Medium,Medium
RiOECD,705,2,GET,Medium,Medium,Medium
RiOECD,203,2,GET,Medium,Medium,Medium
RiOECD,724,2,GET,Medium,Medium,Medium
RiOECD,300,2,GET,Medium,Medium,Medium
RiOECD,756,2,GET,Medium,Medium,Medium
RiOECD,442,2,GET,Medium,Medium,Medium
RiOECD,233,2,GET,Medium,Medium,Medium
RiOECD,124,2,GET,Medium,Medium,Medium
RiOECD,528,2,GET,Medium,Medium,Medium
RiOECD,56,2,GET,Medium,Medium,Medium
RiOECD,826,2,GET,Medium,Medium,Medium
RiOECD,246,2,GET,Medium,Medium,Medium
RiOECD,208,2,GET,Medium,Medium,Medium
RiOECD,752,2,GET,Medium,Medium,Medium
RiOECD,578,2,GET,Medium,Medium,Medium
RiOECD,36,2,GET,Medium,Medium,Medium
RiOECD,250,2,GET,Medium,Medium,Medium
RiOECD,840,2,GET,Medium,Medium,Medium
RiOECD,352,2,GET,Medium,Medium,Medium
RiOECD,372,2,GET,Medium,Medium,Medium
RiOECD,554,2,GET,Medium,Medium,Medium
RiOECD,376,2,GET,Medium,Medium,Medium
HiFert,84,3,CER,High,High,Low
HiFert,524,3,CER,High,High,Low
HiFert,418,3,CER,High,High,Low
HiFert,682,3,CER,High,High,Low
HiFert,600,3,CER,High,High,Low
HiFert,760,3,CER,High,High,Low
HiFert,608,3,CER,High,High,Low
HiFert,400,3,CER,High,High,Low
HiFert,254,3,CER,High,High,Low
HiFert,340,3,CER,High,High,Low
HiFert,266,3,CER,High,High,Low
HiFert,426,3,CER,High,High,Low
HiFert,516,3,CER,High,High,Low
HiFert,762,3,CER,High,High,Low
HiFert,716,3,CER,High,High,Low
HiFert,68,3,CER,High,High,Low
HiFert,332,3,CER,High,High,Low
HiFert,748,3,CER,High,High,Low
HiFert,583,3,CER,High,High,Low
HiFert,586,3,CER,High,High,Low
HiFert,678,3,CER,High,High,Low
HiFert,262,3,CER,High,High,Low
HiFert,882,3,CER,High,High,Low
HiFert,548,3,CER,High,High,Low
HiFert,776,3,CER,High,High,Low
HiFert,598,3,CER,High,High,Low
HiFert,320,3,CER,High,High,Low
HiFert,175,3,CER,High,High,Low
HiFert,768,3,CER,High,High,Low
HiFert,288,3,CER,High,High,Low
HiFert,90,3,CER,High,High,Low
HiFert,231,3,CER,High,High,Low
HiFert,736,3,CER,High,High,Low
HiFert,178,3,CER,High,High,Low
HiFert,384,3,CER,High,High,Low
HiFert,275,3,CER,High,High,Low
HiFert,108,3,CER,High,High,Low
HiFert,120,3,CER,High,High,Low
HiFert,232,3,CER,High,High,Low
HiFert,478,3,CER,High,High,Low
HiFert,404,3,CER,High,High,Low
HiFert,450,3,CER,High,High,Low
HiFert,140,3,CER,High,High,Low
HiFert,368,3,CER,High,High,Low
HiFert,686,3,CER,High,High,Low
HiFert,174,3,CER,High,High,Low
HiFert,270,3,CER,High,High,Low
HiFert,508,3,CER,High,High,Low
HiFert,694,3,CER,High,High,Low
HiFert,624,3,CER,High,High,Low
HiFert,226,3,CER,High,High,Low
HiFert,430,3,CER,High,High,Low
HiFert,646,3,CER,High,High,Low
HiFert,324,3,CER,High,High,Low
HiFert,887,3,CER,High,High,Low
HiFert,204,3,CER,High,High,Low
HiFert,834,3,CER,High,High,Low
HiFert,566,3,CER,High,High,Low
HiFert,24,3,CER,High,High,Low
HiFert,854,3,CER,High,High,Low
HiFert,454,3,CER,High,High,Low
HiFert,180,3,CER,High,High,Low
HiFert,894,3,CER,High,High,Low
HiFert,148,3,CER,High,High,Low
HiFert,800,3,CER,High,High,Low
HiFert,706,3,CER,High,High,Low
HiFert,466,3,CER,High,High,Low
HiFert,626,3,CER,High,High,Low
HiFert,4,3,CER,High,High,Low
HiFert,562,3,CER,High,High,Low
LoFert,344,3,CER,High,High,Low
LoFert,446,3,CER,High,High,Low
LoFert,70,3,CER,High,High,Low
LoFert,702,3,CER,High,High,Low
LoFert,642,3,CER,High,High,Low
LoFert,470,3,CER,High,High,Low
LoFert,112,3,CER,High,High,Low
LoFert,804,3,CER,High,High,Low
LoFert,428,3,CER,High,High,Low
LoFert,440,3,CER,High,High,Low
LoFert,830,3,CER,High,High,Low
LoFert,191,3,CER,High,High,Low
LoFert,643,3,CER,High,High,Low
LoFert,100,3,CER,High,High,Low
LoFert,807,3,CER,High,High,Low
LoFert,498,3,CER,High,High,Low
LoFert,192,3,CER,High,High,Low
LoFert,196,3,CER,High,High,Low
LoFert,52,3,CER,High,High,Low
LoFert,268,3,CER,High,High,Low
LoFert,8,3,CER,High,High,Low
LoFert,688,3,CER,High,High,Low
LoFert,764,3,CER,High,High,Low
LoFert,156,3,CER,High,High,Low
LoFert,780,3,CER,High,High,Low
LoFert,480,3,CER,High,High,Low
LoFert,499,3,CER,High,High,Low
LoFert,51,3,CER,High,High,Low
LoFert,533,3,CER,High,High,Low
LoFert,364,3,CER,High,High,Low
LoFert,630,3,CER,High,High,Low
LoFert,422,3,CER,High,High,Low
LoFert,784,3,CER,High,High,Low
LoFert,704,3,CER,High,High,Low
LoFert,462,3,CER,High,High,Low
LoFert,76,3,CER,High,High,Low
LoFert,152,3,CER,High,High,Low
LoFert,44,3,CER,High,High,Low
LoFert,474,3,CER,High,High,Low
LoFert,188,3,CER,High,High,Low
LoFert,530,3,CER,High,High,Low
LoFert,788,3,CER,High,High,Low
LoFert,408,3,CER,High,High,Low
LoFert,662,3,CER,High,High,Low
LoFert,850,3,CER,High,High,Low
LoFert,104,3,CER,High,High,Low
LoFert,96,3,CER,High,High,Low
LoFert,858,3,CER,High,High,Low
LoFert,670,3,CER,High,High,Low
LoFert,312,3,CER,High,High,Low
LoFert,792,3,CER,High,High,Low
LoFert,31,3,CER,High,High,Low
LoFert,258,3,CER,High,High,Low
LoFert,360,3,CER,High,High,Low
LoFert,540,3,CER,High,High,Low
LoFert,32,3,CER,High,High,Low
LoFert,308,3,CER,High,High,Low
LoFert,414,3,CER,High,High,Low
LoFert,328,3,CER,High,High,Low
LoFert,222,3,CER,High,High,Low
LoFert,144,3,CER,High,High,Low
LoFert,12,3,CER,High,High,Low
LoFert,504,3,CER,High,High,Low
LoFert,50,3,CER,High,High,Low
LoFert,638,3,CER,High,High,Low
LoFert,634,3,CER,High,High,Low
LoFert,388,3,CER,High,High,Low
LoFert,484,3,CER,High,High,Low
LoFert,740,3,CER,High,High,Low
LoFert,170,3,CER,High,High,Low
LoFert,496,3,CER,High,High,Low
LoFert,795,3,CER,High,High,Low
LoFert,512,3,CER,High,High,Low
LoFert,398,3,CER,High,High,Low
LoFert,316,3,CER,High,High,Low
LoFert,710,3,CER,High,High,Low
LoFert,862,3,CER,High,High,Low
LoFert,591,3,CER,High,High,Low
LoFert,218,3,CER,High,High,Low
LoFert,132,3,CER,High,High,Low
LoFert,604,3,CER,High,High,Low
LoFert,64,3,CER,High,High,Low
LoFert,48,3,CER,High,High,Low
LoFert,214,3,CER,High,High,Low
LoFert,732,3,CER,High,High,Low
LoFert,417,3,CER,High,High,Low
LoFert,434,3,CER,High,High,Low
LoFert,458,3,CER,High,High,Low
LoFert,356,3,CER,High,High,Low
LoFert,242,3,CER,High,High,Low
LoFert,558,3,CER,High,High,Low
LoFert,116,3,CER,High,High,Low
LoFert,818,3,CER,High,High,Low
LoFert,72,3,CER,High,High,Low
LoFert,860,3,CER,High,High,Low
RiOECD,703,3,CER,High,Low,Low
RiOECD,410,3,CER,High,Low,Low
RiOECD,392,3,CER,High,Low,Low
RiOECD,616,3,CER,High,Low,Low
RiOECD,348,3,CER,High,Low,Low
RiOECD,620,3,CER,High,Low,Low
RiOECD,276,3,CER,High,Low,Low
RiOECD,380,3,CER,High,Low,Low
RiOECD,40,3,CER,High,Low,Low
RiOECD,705,3,CER,High,Low,Low
RiOECD,203,3,CER,High,Low,Low
RiOECD,724,3,CER,High,Low,Low
RiOECD,300,3,CER,High,Low,Low
RiOECD,756,3,CER,High,Low,Low
RiOECD,442,3,CER,High,Low,Low
RiOECD,233,3,CER,High,Low,Low
RiOECD,124,3,CER,High,Low,Low
RiOECD,528,3,CER,High,Low,Low
RiOECD,56,3,CER,High,Low,Low
RiOECD,826,3,CER,High,Low,Low
RiOECD,246,3,CER,High,Low,Low
RiOECD,208,3,CER,High,Low,Low
RiOECD,752,3,CER,High,Low,Low
RiOECD,578,3,CER,High,Low,Low
RiOECD,36,3,CER,High,Low,Low
RiOECD,250,3,CER,High,Low,Low
RiOECD,840,3,CER,High,Low,Low
RiOECD,352,3,CER,High,Low,Low
RiOECD,372,3,CER,High,Low,Low
RiOECD,554,3,CER,High,Low,Low
RiOECD,376,3,CER,High,Low,Low
HiFert,84,4,CER-10%/GET,High,High,Medium
HiFert,524,4,CER-10%/GET,High,High,Medium
HiFert,418,4,CER-10%/GET,High,High,Medium
HiFert,682,4,CER-10%/GET,High,High,Medium
HiFert,600,4,CER-10%/GET,High,High,Medium
HiFert,760,4,CER-10%/GET,High,High,Medium
HiFert,608,4,CER-10%/GET,High,High,Medium
HiFert,400,4,CER-10%/GET,High,High,Medium
HiFert,254,4,CER-10%/GET,High,High,Medium
HiFert,340,4,CER-10%/GET,High,High,Medium
HiFert,266,4,CER-10%/GET,High,High,Medium
HiFert,426,4,CER-10%/GET,High,High,Medium
HiFert,516,4,CER-10%/GET,High,High,Medium
HiFert,762,4,CER-10%/GET,High,High,Medium
HiFert,716,4,CER-10%/GET,High,High,Medium
HiFert,68,4,CER-10%/GET,High,High,Medium
HiFert,332,4,CER-10%/GET,High,High,Medium
HiFert,748,4,CER-10%/GET,High,High,Medium
HiFert,583,4,CER-10%/GET,High,High,Medium
HiFert,586,4,CER-10%/GET,High,High,Medium
HiFert,678,4,CER-10%/GET,High,High,Medium
HiFert,262,4,CER-10%/GET,High,High,Medium
HiFert,882,4,CER-10%/GET,High,High,Medium
HiFert,548,4,CER-10%/GET,High,High,Medium
HiFert,776,4,CER-10%/GET,High,High,Medium
HiFert,598,4,CER-10%/GET,High,High,Medium
HiFert,320,4,CER-10%/GET,High,High,Medium
HiFert,175,4,CER-10%/GET,High,High,Medium
HiFert,768,4,CER-10%/GET,High,High,Medium
HiFert,288,4,CER-10%/GET,High,High,Medium
HiFert,90,4,CER-10%/GET,High,High,Medium
HiFert,231,4,CER-10%/GET,High,High,Medium
HiFert,736,4,CER-10%/GET,High,High,Medium
HiFert,178,4,CER-10%/GET,High,High,Medium
HiFert,384,4,CER-10%/GET,High,High,Medium
HiFert,275,4,CER-10%/GET,High,High,Medium
HiFert,108,4,CER-10%/GET,High,High,Medium
HiFert,120,4,CER-10%/GET,High,High,Medium
HiFert,232,4,CER-10%/GET,High,High,Medium
HiFert,478,4,CER-10%/GET,High,High,Medium
HiFert,404,4,CER-10%/GET,High,High,Medium
HiFert,450,4,CER-10%/GET,High,High,Medium
HiFert,140,4,CER-10%/GET,High,High,Medium
HiFert,368,4,CER-10%/GET,High,High,Medium
HiFert,686,4,CER-10%/GET,High,High,Medium
HiFert,174,4,CER-10%/GET,High,High,Medium
HiFert,270,4,CER-10%/GET,High,High,Medium
HiFert,508,4,CER-10%/GET,High,High,Medium
HiFert,694,4,CER-10%/GET,High,High,Medium
HiFert,624,4,CER-10%/GET,High,High,Medium
HiFert,226,4,CER-10%/GET,High,High,Medium
HiFert,430,4,CER-10%/GET,High,High,Medium
HiFert,646,4,CER-10%/GET,High,High,Medium
HiFert,324,4,CER-10%/GET,High,High,Medium
HiFert,887,4,CER-10%/GET,High,High,Medium
HiFert,204,4,CER-10%/GET,High,High,Medium
HiFert,834,4,CER-10%/GET,High,High,Medium
HiFert,566,4,CER-10%/GET,High,High,Medium
HiFert,24,4,CER-10%/GET,High,High,Medium
HiFert,854,4,CER-10%/GET,High,High,Medium
HiFert,454,4,CER-10%/GET,High,High,Medium
HiFert,180,4,CER-10%/GET,High,High,Medium
HiFert,894,4,CER-10%/GET,High,High,Medium
HiFert,148,4,CER-10%/GET,High,High,Medium
HiFert,800,4,CER-10%/GET,High,High,Medium
HiFert,706,4,CER-10%/GET,High,High,Medium
HiFert,466,4,CER-10%/GET,High,High,Medium
HiFert,626,4,CER-10%/GET,High,High,Medium
HiFert,4,4,CER-10%/GET,High,High,Medium
HiFert,562,4,CER-10%/GET,High,High,Medium
LoFert,344,4,CER-10%/GET,Medium,Low,Medium
LoFert,446,4,CER-10%/GET,Medium,Low,Medium
LoFert,70,4,CER-10%/GET,Medium,Low,Medium
LoFert,702,4,CER-10%/GET,Medium,Low,Medium
LoFert,642,4,CER-10%/GET,Medium,Low,Medium
LoFert,470,4,CER-10%/GET,Medium,Low,Medium
LoFert,112,4,CER-10%/GET,Medium,Low,Medium
LoFert,804,4,CER-10%/GET,Medium,Low,Medium
LoFert,428,4,CER-10%/GET,Medium,Low,Medium
LoFert,440,4,CER-10%/GET,Medium,Low,Medium
LoFert,830,4,CER-10%/GET,Medium,Low,Medium
LoFert,191,4,CER-10%/GET,Medium,Low,Medium
LoFert,643,4,CER-10%/GET,Medium,Low,Medium
LoFert,100,4,CER-10%/GET,Medium,Low,Medium
LoFert,807,4,CER-10%/GET,Medium,Low,Medium
LoFert,498,4,CER-10%/GET,Medium,Low,Medium
LoFert,192,4,CER-10%/GET,Medium,Low,Medium
LoFert,196,4,CER-10%/GET,Medium,Low,Medium
LoFert,52,4,CER-10%/GET,Medium,Low,Medium
LoFert,268,4,CER-10%/GET,Medium,Low,Medium
LoFert,8,4,CER-10%/GET,Medium,Low,Medium
LoFert,688,4,CER-10%/GET,Medium,Low,Medium
LoFert,764,4,CER-10%/GET,Medium,Low,Medium
LoFert,156,4,CER-10%/GET,Medium,Low,Medium
LoFert,780,4,CER-10%/GET,Medium,Low,Medium
LoFert,480,4,CER-10%/GET,Medium,Low,Medium
LoFert,499,4,CER-10%/GET,Medium,Low,Medium
LoFert,51,4,CER-10%/GET,Medium,Low,Medium
LoFert,533,4,CER-10%/GET,Medium,Low,Medium
LoFert,364,4,CER-10%/GET,Medium,Low,Medium
LoFert,630,4,CER-10%/GET,Medium,Low,Medium
LoFert,422,4,CER-10%/GET,Medium,Low,Medium
LoFert,784,4,CER-10%/GET,Medium,Low,Medium
LoFert,704,4,CER-10%/GET,Medium,Low,Medium
LoFert,462,4,CER-10%/GET,Medium,Low,Medium
LoFert,76,4,CER-10%/GET,Medium,Low,Medium
LoFert,152,4,CER-10%/GET,Medium,Low,Medium
LoFert,44,4,CER-10%/GET,Medium,Low,Medium
LoFert,474,4,CER-10%/GET,Medium,Low,Medium
LoFert,188,4,CER-10%/GET,Medium,Low,Medium
LoFert,530,4,CER-10%/GET,Medium,Low,Medium
LoFert,788,4,CER-10%/GET,Medium,Low,Medium
LoFert,408,4,CER-10%/GET,Medium,Low,Medium
LoFert,662,4,CER-10%/GET,Medium,Low,Medium
LoFert,850,4,CER-10%/GET,Medium,Low,Medium
LoFert,104,4,CER-10%/GET,Medium,Low,Medium
LoFert,96,4,CER-10%/GET,Medium,Low,Medium
LoFert,858,4,CER-10%/GET,Medium,Low,Medium
LoFert,670,4,CER-10%/GET,Medium,Low,Medium
LoFert,312,4,CER-10%/GET,Medium,Low,Medium
LoFert,792,4,CER-10%/GET,Medium,Low,Medium
LoFert,31,4,CER-10%/GET,Medium,Low,Medium
LoFert,258,4,CER-10%/GET,Medium,Low,Medium
LoFert,360,4,CER-10%/GET,Medium,Low,Medium
LoFert,540,4,CER-10%/GET,Medium,Low,Medium
LoFert,32,4,CER-10%/GET,Medium,Low,Medium
LoFert,308,4,CER-10%/GET,Medium,Low,Medium
LoFert,414,4,CER-10%/GET,Medium,Low,Medium
LoFert,328,4,CER-10%/GET,Medium,Low,Medium
LoFert,222,4,CER-10%/GET,Medium,Low,Medium
LoFert,144,4,CER-10%/GET,Medium,Low,Medium
LoFert,12,4,CER-10%/GET,Medium,Low,Medium
LoFert,504,4,CER-10%/GET,Medium,Low,Medium
LoFert,50,4,CER-10%/GET,Medium,Low,Medium
LoFert,638,4,CER-10%/GET,Medium,Low,Medium
LoFert,634,4,CER-10%/GET,Medium,Low,Medium
LoFert,388,4,CER-10%/GET,Medium,Low,Medium
LoFert,484,4,CER-10%/GET,Medium,Low,Medium
LoFert,740,4,CER-10%/GET,Medium,Low,Medium
LoFert,170,4,CER-10%/GET,Medium,Low,Medium
LoFert,496,4,CER-10%/GET,Medium,Low,Medium
LoFert,795,4,CER-10%/GET,Medium,Low,Medium
LoFert,512,4,CER-10%/GET,Medium,Low,Medium
LoFert,398,4,CER-10%/GET,Medium,Low,Medium
LoFert,316,4,CER-10%/GET,Medium,Low,Medium
LoFert,710,4,CER-10%/GET,Medium,Low,Medium
LoFert,862,4,CER-10%/GET,Medium,Low,Medium
LoFert,591,4,CER-10%/GET,Medium,Low,Medium
LoFert,218,4,CER-10%/GET,Medium,Low,Medium
LoFert,132,4,CER-10%/GET,Medium,Low,Medium
LoFert,604,4,CER-10%/GET,Medium,Low,Medium
LoFert,64,4,CER-10%/GET,Medium,Low,Medium
LoFert,48,4,CER-10%/GET,Medium,Low,Medium
LoFert,214,4,CER-10%/GET,Medium,Low,Medium
LoFert,732,4,CER-10%/GET,Medium,Low,Medium
LoFert,417,4,CER-10%/GET,Medium,Low,Medium
LoFert,434,4,CER-10%/GET,Medium,Low,Medium
LoFert,458,4,CER-10%/GET,Medium,Low,Medium
LoFert,356,4,CER-10%/GET,Medium,Low,Medium
LoFert,242,4,CER-10%/GET,Medium,Low,Medium
LoFert,558,4,CER-10%/GET,Medium,Low,Medium
LoFert,116,4,CER-10%/GET,Medium,Low,Medium
LoFert,818,4,CER-10%/GET,Medium,Low,Medium
LoFert,72,4,CER-10%/GET,Medium,Low,Medium
LoFert,860,4,CER-10%/GET,Medium,Low,Medium
RiOECD,703,4,CER/CER-20%,Medium,Low,Medium
RiOECD,410,4,CER/CER-20%,Medium,Low,Medium
RiOECD,392,4,CER/CER-20%,Medium,Low,Medium
RiOECD,616,4,CER/CER-20%,Medium,Low,Medium
RiOECD,348,4,CER/CER-20%,Medium,Low,Medium
RiOECD,620,4,CER/CER-20%,Medium,Low,Medium
RiOECD,276,4,CER/CER-20%,Medium,Low,Medium
RiOECD,380,4,CER/CER-20%,Medium,Low,Medium
RiOECD,40,4,CER/CER-20%,Medium,Low,Medium
RiOECD,705,4,CER/CER-20%,Medium,Low,Medium
RiOECD,203,4,CER/CER-20%,Medium,Low,Medium
RiOECD,724,4,CER/CER-20%,Medium,Low,Medium
RiOECD,300,4,CER/CER-20%,Medium,Low,Medium
RiOECD,756,4,CER/CER-20%,Medium,Low,Medium
RiOECD,442,4,CER/CER-20%,Medium,Low,Medium
RiOECD,233,4,CER/CER-20%,Medium,Low,Medium
RiOECD,124,4,CER/CER-20%,Medium,Low,Medium
RiOECD,528,4,CER/CER-20%,Medium,Low,Medium
RiOECD,56,4,CER/CER-20%,Medium,Low,Medium
RiOECD,826,4,CER/CER-20%,Medium,Low,Medium
RiOECD,246,4,CER/CER-20%,Medium,Low,Medium
RiOECD,208,4,CER/CER-20%,Medium,Low,Medium
RiOECD,752,4,CER/CER-20%,Medium,Low,Medium
RiOECD,578,4,CER/CER-20%,Medium,Low,Medium
RiOECD,36,4,CER/CER-20%,Medium,Low,Medium
RiOECD,250,4,CER/CER-20%,Medium,Low,Medium
RiOECD,840,4,CER/CER-20%,Medium,Low,Medium
RiOECD,352,4,CER/CER-20%,Medium,Low,Medium
RiOECD,372,4,CER/CER-20%,Medium,Low,Medium
RiOECD,554,4,CER/CER-20%,Medium,Low,Medium
RiOECD,376,4,CER/CER-20%,Medium,Low,Medium
HiFert,84,5,FT-GET,Low,Low,High
HiFert,524,5,FT-GET,Low,Low,High
HiFert,418,5,FT-GET,Low,Low,High
HiFert,682,5,FT-GET,Low,Low,High
HiFert,600,5,FT-GET,Low,Low,High
HiFert,760,5,FT-GET,Low,Low,High
HiFert,608,5,FT-GET,Low,Low,High
HiFert,400,5,FT-GET,Low,Low,High
HiFert,254,5,FT-GET,Low,Low,High
HiFert,340,5,FT-GET,Low,Low,High
HiFert,266,5,FT-GET,Low,Low,High
HiFert,426,5,FT-GET,Low,Low,High
HiFert,516,5,FT-GET,Low,Low,High
HiFert,762,5,FT-GET,Low,Low,High
HiFert,716,5,FT-GET,Low,Low,High
HiFert,68,5,FT-GET,Low,Low,High
HiFert,332,5,FT-GET,Low,Low,High
HiFert,748,5,FT-GET,Low,Low,High
HiFert,583,5,FT-GET,Low,Low,High
HiFert,586,5,FT-GET,Low,Low,High
HiFert,678,5,FT-GET,Low,Low,High
HiFert,262,5,FT-GET,Low,Low,High
HiFert,882,5,FT-GET,Low,Low,High
HiFert,548,5,FT-GET,Low,Low,High
HiFert,776,5,FT-GET,Low,Low,High
HiFert,598,5,FT-GET,Low,Low,High
HiFert,320,5,FT-GET,Low,Low,High
HiFert,175,5,FT-GET,Low,Low,High
HiFert,768,5,FT-GET,Low,Low,High
HiFert,288,5,FT-GET,Low,Low,High
HiFert,90,5,FT-GET,Low,Low,High
HiFert,231,5,FT-GET,Low,Low,High
HiFert,736,5,FT-GET,Low,Low,High
HiFert,178,5,FT-GET,Low,Low,High
HiFert,384,5,FT-GET,Low,Low,High
HiFert,275,5,FT-GET,Low,Low,High
HiFert,108,5,FT-GET,Low,Low,High
HiFert,120,5,FT-GET,Low,Low,High
HiFert,232,5,FT-GET,Low,Low,High
HiFert,478,5,FT-GET,Low,Low,High
HiFert,404,5,FT-GET,Low,Low,High
HiFert,450,5,FT-GET,Low,Low,High
HiFert,140,5,FT-GET,Low,Low,High
HiFert,368,5,FT-GET,Low,Low,High
HiFert,686,5,FT-GET,Low,Low,High
HiFert,174,5,FT-GET,Low,Low,High
HiFert,270,5,FT-GET,Low,Low,High
HiFert,508,5,FT-GET,Low,Low,High
HiFert,694,5,FT-GET,Low,Low,High
HiFert,624,5,FT-GET,Low,Low,High
HiFert,226,5,FT-GET,Low,Low,High
HiFert,430,5,FT-GET,Low,Low,High
HiFert,646,5,FT-GET,Low,Low,High
HiFert,324,5,FT-GET,Low,Low,High
HiFert,887,5,FT-GET,Low,Low,High
HiFert,204,5,FT-GET,Low,Low,High
HiFert,834,5,FT-GET,Low,Low,High
HiFert,566,5,FT-GET,Low,Low,High
HiFert,24,5,FT-GET,Low,Low,High
HiFert,854,5,FT-GET,Low,Low,High
HiFert,454,5,FT-GET,Low,Low,High
HiFert,180,5,FT-GET,Low,Low,High
HiFert,894,5,FT-GET,Low,Low,High
HiFert,148,5,FT-GET,Low,Low,High
HiFert,800,5,FT-GET,Low,Low,High
HiFert,706,5,FT-GET,Low,Low,High
HiFert,466,5,FT-GET,Low,Low,High
HiFert,626,5,FT-GET,Low,Low,High
HiFert,4,5,FT-GET,Low,Low,High
HiFert,562,5,FT-GET,Low,Low,High
LoFert,344,5,FT-GET,Low,Low,High
LoFert,446,5,FT-GET,Low,Low,High
LoFert,70,5,FT-GET,Low,Low,High
LoFert,702,5,FT-GET,Low,Low,High
LoFert,642,5,FT-GET,Low,Low,High
LoFert,470,5,FT-GET,Low,Low,High
LoFert,112,5,FT-GET,Low,Low,High
LoFert,804,5,FT-GET,Low,Low,High
LoFert,428,5,FT-GET,Low,Low,High
LoFert,440,5,FT-GET,Low,Low,High
LoFert,830,5,FT-GET,Low,Low,High
LoFert,191,5,FT-GET,Low,Low,High
LoFert,643,5,FT-GET,Low,Low,High
LoFert,100,5,FT-GET,Low,Low,High
LoFert,807,5,FT-GET,Low,Low,High
LoFert,498,5,FT-GET,Low,Low,High
LoFert,192,5,FT-GET,Low,Low,High
LoFert,196,5,FT-GET,Low,Low,High
LoFert,52,5,FT-GET,Low,Low,High
LoFert,268,5,FT-GET,Low,Low,High
LoFert,8,5,FT-GET,Low,Low,High
LoFert,688,5,FT-GET,Low,Low,High
LoFert,764,5,FT-GET,Low,Low,High
LoFert,156,5,FT-GET,Low,Low,High
LoFert,780,5,FT-GET,Low,Low,High
LoFert,480,5,FT-GET,Low,Low,High
LoFert,499,5,FT-GET,Low,Low,High
LoFert,51,5,FT-GET,Low,Low,High
LoFert,533,5,FT-GET,Low,Low,High
LoFert,364,5,FT-GET,Low,Low,High
LoFert,630,5,FT-GET,Low,Low,High
LoFert,422,5,FT-GET,Low,Low,High
LoFert,784,5,FT-GET,Low,Low,High
LoFert,704,5,FT-GET,Low,Low,High
LoFert,462,5,FT-GET,Low,Low,High
LoFert,76,5,FT-GET,Low,Low,High
LoFert,152,5,FT-GET,Low,Low,High
LoFert,44,5,FT-GET,Low,Low,High
LoFert,474,5,FT-GET,Low,Low,High
LoFert,188,5,FT-GET,Low,Low,High
LoFert,530,5,FT-GET,Low,Low,High
LoFert,788,5,FT-GET,Low,Low,High
LoFert,408,5,FT-GET,Low,Low,High
LoFert,662,5,FT-GET,Low,Low,High
LoFert,850,5,FT-GET,Low,Low,High
LoFert,104,5,FT-GET,Low,Low,High
LoFert,96,5,FT-GET,Low,Low,High
LoFert,858,5,FT-GET,Low,Low,High
LoFert,670,5,FT-GET,Low,Low,High
LoFert,312,5,FT-GET,Low,Low,High
LoFert,792,5,FT-GET,Low,Low,High
LoFert,31,5,FT-GET,Low,Low,High
LoFert,258,5,FT-GET,Low,Low,High
LoFert,360,5,FT-GET,Low,Low,High
LoFert,540,5,FT-GET,Low,Low,High
LoFert,32,5,FT-GET,Low,Low,High
LoFert,308,5,FT-GET,Low,Low,High
LoFert,414,5,FT-GET,Low,Low,High
LoFert,328,5,FT-GET,Low,Low,High
LoFert,222,5,FT-GET,Low,Low,High
LoFert,144,5,FT-GET,Low,Low,High
LoFert,12,5,FT-GET,Low,Low,High
LoFert,504,5,FT-GET,Low,Low,High
LoFert,50,5,FT-GET,Low,Low,High
LoFert,638,5,FT-GET,Low,Low,High
LoFert,634,5,FT-GET,Low,Low,High
LoFert,388,5,FT-GET,Low,Low,High
LoFert,484,5,FT-GET,Low,Low,High
LoFert,740,5,FT-GET,Low,Low,High
LoFert,170,5,FT-GET,Low,Low,High
LoFert,496,5,FT-GET,Low,Low,High
LoFert,795,5,FT-GET,Low,Low,High
LoFert,512,5,FT-GET,Low,Low,High
LoFert,398,5,FT-GET,Low,Low,High
LoFert,316,5,FT-GET,Low,Low,High
LoFert,710,5,FT-GET,Low,Low,High
LoFert,862,5,FT-GET,Low,Low,High
LoFert,591,5,FT-GET,Low,Low,High
LoFert,218,5,FT-GET,Low,Low,High
LoFert,132,5,FT-GET,Low,Low,High
LoFert,604,5,FT-GET,Low,Low,High
LoFert,64,5,FT-GET,Low,Low,High
LoFert,48,5,FT-GET,Low,Low,High
LoFert,214,5,FT-GET,Low,Low,High
LoFert,732,5,FT-GET,Low,Low,High
LoFert,417,5,FT-GET,Low,Low,High
LoFert,434,5,FT-GET,Low,Low,High
LoFert,458,5,FT-GET,Low,Low,High
LoFert,356,5,FT-GET,Low,Low,High
LoFert,242,5,FT-GET,Low,Low,High
LoFert,558,5,FT-GET,Low,Low,High
LoFert,116,5,FT-GET,Low,Low,High
LoFert,818,5,FT-GET,Low,Low,High
LoFert,72,5,FT-GET,Low,Low,High
LoFert,860,5,FT-GET,Low,Low,High
RiOECD,703,5,FT-GET,Low,High,High
RiOECD,410,5,FT-GET,Low,High,High
RiOECD,392,5,FT-GET,Low,High,High
RiOECD,616,5,FT-GET,Low,High,High
RiOECD,348,5,FT-GET,Low,High,High
RiOECD,620,5,FT-GET,Low,High,High
RiOECD,276,5,FT-GET,Low,High,High
RiOECD,380,5,FT-GET,Low,High,High
RiOECD,40,5,FT-GET,Low,High,High
RiOECD,705,5,FT-GET,Low,High,High
RiOECD,203,5,FT-GET,Low,High,High
RiOECD,724,5,FT-GET,Low,High,High
RiOECD,300,5,FT-GET,Low,High,High
RiOECD,756,5,FT-GET,Low,High,High
RiOECD,442,5,FT-GET,Low,High,High
RiOECD,233,5,FT-GET,Low,High,High
RiOECD,124,5,FT-GET,Low,High,High
RiOECD,528,5,FT-GET,Low,High,High
RiOECD,56,5,FT-GET,Low,High,High
RiOECD,826,5,FT-GET,Low,High,High
RiOECD,246,5,FT-GET,Low,High,High
RiOECD,208,5,FT-GET,Low,High,High
RiOECD,752,5,FT-GET,Low,High,High
RiOECD,578,5,FT-GET,Low,High,High
RiOECD,36,5,FT-GET,Low,High,High
RiOECD,250,5,FT-GET,Low,High,High
RiOECD,840,5,FT-GET,Low,High,High
RiOECD,352,5,FT-GET,Low,High,High
RiOECD,372,5,FT-GET,Low,High,High
RiOECD,554,5,FT-GET,Low,High,High
RiOECD,376,5,FT-GET,Low,High,High
HiFert,84,6,CER,Medium,Medium,Medium
HiFert,524,6,CER,Medium,Medium,Medium
HiFert,418,6,CER,Medium,Medium,Medium
HiFert,682,6,CER,Medium,Medium,Medium
HiFert,600,6,CER,Medium,Medium,Medium
HiFert,760,6,CER,Medium,Medium,Medium
HiFert,608,6,CER,Medium,Medium,Medium
HiFert,400,6,CER,Medium,Medium,Medium
HiFert,254,6,CER,Medium,Medium,Medium
HiFert,340,6,CER,Medium,Medium,Medium
HiFert,266,6,CER,Medium,Medium,Medium
HiFert,426,6,CER,Medium,Medium,Medium
HiFert,516,6,CER,Medium,Medium,Medium
HiFert,762,6,CER,Medium,Medium,Medium
HiFert,716,6,CER,Medium,Medium,Medium
HiFert,68,6,CER,Medium,Medium,Medium
HiFert,332,6,CER,Medium,Medium,Medium
HiFert,748,6,CER,Medium,Medium,Medium
HiFert,583,6,CER,Medium,Medium,Medium
HiFert,586,6,CER,Medium,Medium,Medium
HiFert,678,6,CER,Medium,Medium,Medium
HiFert,262,6,CER,Medium,Medium,Medium
HiFert,882,6,CER,Medium,Medium,Medium
HiFert,548,6,CER,Medium,Medium,Medium
HiFert,776,6,CER,Medium,Medium,Medium
HiFert,598,6,CER,Medium,Medium,Medium
HiFert,320,6,CER,Medium,Medium,Medium
HiFert,175,6,CER,Medium,Medium,Medium
HiFert,768,6,CER,Medium,Medium,Medium
HiFert,288,6,CER,Medium,Medium,Medium
HiFert,90,6,CER,Medium,Medium,Medium
HiFert,231,6,CER,Medium,Medium,Medium
HiFert,736,6,CER,Medium,Medium,Medium
HiFert,178,6,CER,Medium,Medium,Medium
HiFert,384,6,CER,Medium,Medium,Medium
HiFert,275,6,CER,Medium,Medium,Medium
HiFert,108,6,CER,Medium,Medium,Medium
HiFert,120,6,CER,Medium,Medium,Medium
HiFert,232,6,CER,Medium,Medium,Medium
HiFert,478,6,CER,Medium,Medium,Medium
HiFert,404,6,CER,Medium,Medium,Medium
HiFert,450,6,CER,Medium,Medium,Medium
HiFert,140,6,CER,Medium,Medium,Medium
HiFert,368,6,CER,Medium,Medium,Medium
HiFert,686,6,CER,Medium,Medium,Medium
HiFert,174,6,CER,Medium,Medium,Medium
HiFert,270,6,CER,Medium,Medium,Medium
HiFert,508,6,CER,Medium,Medium,Medium
HiFert,694,6,CER,Medium,Medium,Medium
HiFert,624,6,CER,Medium,Medium,Medium
HiFert,226,6,CER,Medium,Medium,Medium
HiFert,430,6,CER,Medium,Medium,Medium
HiFert,646,6,CER,Medium,Medium,Medium
HiFert,324,6,CER,Medium,Medium,Medium
HiFert,887,6,CER,Medium,Medium,Medium
HiFert,204,6,CER,Medium,Medium,Medium
HiFert,834,6,CER,Medium,Medium,Medium
HiFert,566,6,CER,Medium,Medium,Medium
HiFert,24,6,CER,Medium,Medium,Medium
HiFert,854,6,CER,Medium,Medium,Medium
HiFert,454,6,CER,Medium,Medium,Medium
HiFert,180,6,CER,Medium,Medium,Medium
HiFert,894,6,CER,Medium,Medium,Medium
HiFert,148,6,CER,Medium,Medium,Medium
HiFert,800,6,CER,Medium,Medium,Medium
HiFert,706,6,CER,Medium,Medium,Medium
HiFert,466,6,CER,Medium,Medium,Medium
HiFert,626,6,CER,Medium,Medium,Medium
HiFert,4,6,CER,Medium,Medium,Medium
HiFert,562,6,CER,Medium,Medium,Medium
LoFert,344,6,CER,Medium,Medium,Medium
LoFert,446,6,CER,Medium,Medium,Medium
LoFert,70,6,CER,Medium,Medium,Medium
LoFert,702,6,CER,Medium,Medium,Medium
LoFert,642,6,CER,Medium,Medium,Medium
LoFert,470,6,CER,Medium,Medium,Medium
LoFert,112,6,CER,Medium,Medium,Medium
LoFert,804,6,CER,Medium,Medium,Medium
LoFert,428,6,CER,Medium,Medium,Medium
LoFert,440,6,CER,Medium,Medium,Medium
LoFert,830,6,CER,Medium,Medium,Medium
LoFert,191,6,CER,Medium,Medium,Medium
LoFert,643,6,CER,Medium,Medium,Medium
LoFert,100,6,CER,Medium,Medium,Medium
LoFert,807,6,CER,Medium,Medium,Medium
LoFert,498,6,CER,Medium,Medium,Medium
LoFert,192,6,CER,Medium,Medium,Medium
LoFert,196,6,CER,Medium,Medium,Medium
LoFert,52,6,CER,Medium,Medium,Medium
LoFert,268,6,CER,Medium,Medium,Medium
LoFert,8,6,CER,Medium,Medium,Medium
LoFert,688,6,CER,Medium,Medium,Medium
LoFert,764,6,CER,Medium,Medium,Medium
LoFert,156,6,CER,Medium,Medium,Medium
LoFert,780,6,CER,Medium,Medium,Medium
LoFert,480,6,CER,Medium,Medium,Medium
LoFert,499,6,CER,Medium,Medium,Medium
LoFert,51,6,CER,Medium,Medium,Medium
LoFert,533,6,CER,Medium,Medium,Medium
LoFert,364,6,CER,Medium,Medium,Medium
LoFert,630,6,CER,Medium,Medium,Medium
LoFert,422,6,CER,Medium,Medium,Medium
LoFert,784,6,CER,Medium,Medium,Medium
LoFert,704,6,CER,Medium,Medium,Medium
LoFert,462,6,CER,Medium,Medium,Medium
LoFert,76,6,CER,Medium,Medium,Medium
LoFert,152,6,CER,Medium,Medium,Medium
LoFert,44,6,CER,Medium,Medium,Medium
LoFert,474,6,CER,Medium,Medium,Medium
LoFert,188,6,CER,Medium,Medium,Medium
LoFert,530,6,CER,Medium,Medium,Medium
LoFert,788,6,CER,Medium,Medium,Medium
LoFert,408,6,CER,Medium,Medium,Medium
LoFert,662,6,CER,Medium,Medium,Medium
LoFert,850,6,CER,Medium,Medium,Medium
LoFert,104,6,CER,Medium,Medium,Medium
LoFert,96,6,CER,Medium,Medium,Medium
LoFert,858,6,CER,Medium,Medium,Medium
LoFert,670,6,CER,Medium,Medium,Medium
LoFert,312,6,CER,Medium,Medium,Medium
LoFert,792,6,CER,Medium,Medium,Medium
LoFert,31,6,CER,Medium,Medium,Medium
LoFert,258,6,CER,Medium,Medium,Medium
LoFert,360,6,CER,Medium,Medium,Medium
LoFert,540,6,CER,Medium,Medium,Medium
LoFert,32,6,CER,Medium,Medium,Medium
LoFert,308,6,CER,Medium,Medium,Medium
LoFert,414,6,CER,Medium,Medium,Medium
LoFert,328,6,CER,Medium,Medium,Medium
LoFert,222,6,CER,Medium,Medium,Medium
LoFert,144,6,CER,Medium,Medium,Medium
LoFert,12,6,CER,Medium,Medium,Medium
LoFert,504,6,CER,Medium,Medium,Medium
LoFert,50,6,CER,Medium,Medium,Medium
LoFert,638,6,CER,Medium,Medium,Medium
LoFert,634,6,CER,Medium,Medium,Medium
LoFert,388,6,CER,Medium,Medium,Medium
LoFert,484,6,CER,Medium,Medium,Medium
LoFert,740,6,CER,Medium,Medium,Medium
LoFert,170,6,CER,Medium,Medium,Medium
LoFert,496,6,CER,Medium,Medium,Medium
LoFert,795,6,CER,Medium,Medium,Medium
LoFert,512,6,CER,Medium,Medium,Medium
LoFert,398,6,CER,Medium,Medium,Medium
LoFert,316,6,CER,Medium,Medium,Medium
LoFert,710,6,CER,Medium,Medium,Medium
LoFert,862,6,CER,Medium,Medium,Medium
LoFert,591,6,CER,Medium,Medium,Medium
LoFert,218,6,CER,Medium,Medium,Medium
LoFert,132,6,CER,Medium,Medium,Medium
LoFert,604,6,CER,Medium,Medium,Medium
LoFert,64,6,CER,Medium,Medium,Medium
LoFert,48,6,CER,Medium,Medium,Medium
LoFert,214,6,CER,Medium,Medium,Medium
LoFert,732,6,CER,Medium,Medium,Medium
LoFert,417,6,CER,Medium,Medium,Medium
LoFert,434,6,CER,Medium,Medium,Medium
LoFert,458,6,CER,Medium,Medium,Medium
LoFert,356,6,CER,Medium,Medium,Medium
LoFert,242,6,CER,Medium,Medium,Medium
LoFert,558,6,CER,Medium,Medium,Medium
LoFert,116,6,CER,Medium,Medium,Medium
LoFert,818,6,CER,Medium,Medium,Medium
LoFert,72,6,CER,Medium,Medium,Medium
LoFert,860,6,CER,Medium,Medium,Medium
RiOECD,703,6,CER,Medium,Medium,Medium
RiOECD,410,6,CER,Medium,Medium,Medium
RiOECD,392,6,CER,Medium,Medium,Medium
RiOECD,616,6,CER,Medium,Medium,Medium
RiOECD,348,6,CER,Medium,Medium,Medium
RiOECD,620,6,CER,Medium,Medium,Medium
RiOECD,276,6,CER,Medium,Medium,Medium
RiOECD,380,6,CER,Medium,Medium,Medium
RiOECD,40,6,CER,Medium,Medium,Medium
RiOECD,705,6,CER,Medium,Medium,Medium
RiOECD,203,6,CER,Medium,Medium,Medium
RiOECD,724,6,CER,Medium,Medium,Medium
RiOECD,300,6,CER,Medium,Medium,Medium
RiOECD,756,6,CER,Medium,Medium,Medium
RiOECD,442,6,CER,Medium,Medium,Medium
RiOECD,233,6,CER,Medium,Medium,Medium
RiOECD,124,6,CER,Medium,Medium,Medium
RiOECD,528,6,CER,Medium,Medium,Medium
RiOECD,56,6,CER,Medium,Medium,Medium
RiOECD,826,6,CER,Medium,Medium,Medium
RiOECD,246,6,CER,Medium,Medium,Medium
RiOECD,208,6,CER,Medium,Medium,Medium
RiOECD,752,6,CER,Medium,Medium,Medium
RiOECD,578,6,CER,Medium,Medium,Medium
RiOECD,36,6,CER,Medium,Medium,Medium
RiOECD,250,6,CER,Medium,Medium,Medium
RiOECD,840,6,CER,Medium,Medium,Medium
RiOECD,352,6,CER,Medium,Medium,Medium
RiOECD,372,6,CER,Medium,Medium,Medium
RiOECD,554,6,CER,Medium,Medium,Medium
RiOECD,376,6,CER,Medium,Medium,Medium
HiFert,84,7,FT,Medium,Medium,Medium
HiFert,524,7,FT,Medium,Medium,Medium
HiFert,418,7,FT,Medium,Medium,Medium
HiFert,682,7,FT,Medium,Medium,Medium
HiFert,600,7,FT,Medium,Medium,Medium
HiFert,760,7,FT,Medium,Medium,Medium
HiFert,608,7,FT,Medium,Medium,Medium
HiFert,400,7,FT,Medium,Medium,Medium
HiFert,254,7,FT,Medium,Medium,Medium
HiFert,340,7,FT,Medium,Medium,Medium
HiFert,266,7,FT,Medium,Medium,Medium
HiFert,426,7,FT,Medium,Medium,Medium
HiFert,516,7,FT,Medium,Medium,Medium
HiFert,762,7,FT,Medium,Medium,Medium
HiFert,716,7,FT,Medium,Medium,Medium
HiFert,68,7,FT,Medium,Medium,Medium
HiFert,332,7,FT,Medium,Medium,Medium
HiFert,748,7,FT,Medium,Medium,Medium
HiFert,583,7,FT,Medium,Medium,Medium
HiFert,586,7,FT,Medium,Medium,Medium
HiFert,678,7,FT,Medium,Medium,Medium
HiFert,262,7,FT,Medium,Medium,Medium
HiFert,882,7,FT,Medium,Medium,Medium
HiFert,548,7,FT,Medium,Medium,Medium
HiFert,776,7,FT,Medium,Medium,Medium
HiFert,598,7,FT,Medium,Medium,Medium
HiFert,320,7,FT,Medium,Medium,Medium
HiFert,175,7,FT,Medium,Medium,Medium
HiFert,768,7,FT,Medium,Medium,Medium
HiFert,288,7,FT,Medium,Medium,Medium
HiFert,90,7,FT,Medium,Medium,Medium
HiFert,231,7,FT,Medium,Medium,Medium
HiFert,736,7,FT,Medium,Medium,Medium
HiFert,178,7,FT,Medium,Medium,Medium
HiFert,384,7,FT,Medium,Medium,Medium
HiFert,275,7,FT,Medium,Medium,Medium
HiFert,108,7,FT,Medium,Medium,Medium
HiFert,120,7,FT,Medium,Medium,Medium
HiFert,232,7,FT,Medium,Medium,Medium
HiFert,478,7,FT,Medium,Medium,Medium
HiFert,404,7,FT,Medium,Medium,Medium
HiFert,450,7,FT,Medium,Medium,Medium
HiFert,140,7,FT,Medium,Medium,Medium
HiFert,368,7,FT,Medium,Medium,Medium
HiFert,686,7,FT,Medium,Medium,Medium
HiFert,174,7,FT,Medium,Medium,Medium
HiFert,270,7,FT,Medium,Medium,Medium
HiFert,508,7,FT,Medium,Medium,Medium
HiFert,694,7,FT,Medium,Medium,Medium
HiFert,624,7,FT,Medium,Medium,Medium
HiFert,226,7,FT,Medium,Medium,Medium
HiFert,430,7,FT,Medium,Medium,Medium
HiFert,646,7,FT,Medium,Medium,Medium
HiFert,324,7,FT,Medium,Medium,Medium
HiFert,887,7,FT,Medium,Medium,Medium
HiFert,204,7,FT,Medium,Medium,Medium
HiFert,834,7,FT,Medium,Medium,Medium
HiFert,566,7,FT,Medium,Medium,Medium
HiFert,24,7,FT,Medium,Medium,Medium
HiFert,854,7,FT,Medium,Medium,Medium
HiFert,454,7,FT,Medium,Medium,Medium
HiFert,180,7,FT,Medium,Medium,Medium
HiFert,894,7,FT,Medium,Medium,Medium
HiFert,148,7,FT,Medium,Medium,Medium
HiFert,800,7,FT,Medium,Medium,Medium
HiFert,706,7,FT,Medium,Medium,Medium
HiFert,466,7,FT,Medium,Medium,Medium
HiFert,626,7,FT,Medium,Medium,Medium
HiFert,4,7,FT,Medium,Medium,Medium
HiFert,562,7,FT,Medium,Medium,Medium
LoFert,344,7,FT,Medium,Medium,Medium
LoFert,446,7,FT,Medium,Medium,Medium
LoFert,70,7,FT,Medium,Medium,Medium
LoFert,702,7,FT,Medium,Medium,Medium
LoFert,642,7,FT,Medium,Medium,Medium
LoFert,470,7,FT,Medium,Medium,Medium
LoFert,112,7,FT,Medium,Medium,Medium
LoFert,804,7,FT,Medium,Medium,Medium
LoFert,428,7,FT,Medium,Medium,Medium
LoFert,440,7,FT,Medium,Medium,Medium
LoFert,830,7,FT,Medium,Medium,Medium
LoFert,191,7,FT,Medium,Medium,Medium
LoFert,643,7,FT,Medium,Medium,Medium
LoFert,100,7,FT,Medium,Medium,Medium
LoFert,807,7,FT,Medium,Medium,Medium
LoFert,498,7,FT,Medium,Medium,Medium
LoFert,192,7,FT,Medium,Medium,Medium
LoFert,196,7,FT,Medium,Medium,Medium
LoFert,52,7,FT,Medium,Medium,Medium
LoFert,268,7,FT,Medium,Medium,Medium
LoFert,8,7,FT,Medium,Medium,Medium
LoFert,688,7,FT,Medium,Medium,Medium
LoFert,764,7,FT,Medium,Medium,Medium
LoFert,156,7,FT,Medium,Medium,Medium
LoFert,780,7,FT,Medium,Medium,Medium
LoFert,480,7,FT,Medium,Medium,Medium
LoFert,499,7,FT,Medium,Medium,Medium
LoFert,51,7,FT,Medium,Medium,Medium
LoFert,533,7,FT,Medium,Medium,Medium
LoFert,364,7,FT,Medium,Medium,Medium
LoFert,630,7,FT,Medium,Medium,Medium
LoFert,422,7,FT,Medium,Medium,Medium
LoFert,784,7,FT,Medium,Medium,Medium
LoFert,704,7,FT,Medium,Medium,Medium
LoFert,462,7,FT,Medium,Medium,Medium
LoFert,76,7,FT,Medium,Medium,Medium
LoFert,152,7,FT,Medium,Medium,Medium
LoFert,44,7,FT,Medium,Medium,Medium
LoFert,474,7,FT,Medium,Medium,Medium
LoFert,188,7,FT,Medium,Medium,Medium
LoFert,530,7,FT,Medium,Medium,Medium
LoFert,788,7,FT,Medium,Medium,Medium
LoFert,408,7,FT,Medium,Medium,Medium
LoFert,662,7,FT,Medium,Medium,Medium
LoFert,850,7,FT,Medium,Medium,Medium
LoFert,104,7,FT,Medium,Medium,Medium
LoFert,96,7,FT,Medium,Medium,Medium
LoFert,858,7,FT,Medium,Medium,Medium
LoFert,670,7,FT,Medium,Medium,Medium
LoFert,312,7,FT,Medium,Medium,Medium
LoFert,792,7,FT,Medium,Medium,Medium
LoFert,31,7,FT,Medium,Medium,Medium
LoFert,258,7,FT,Medium,Medium,Medium
LoFert,360,7,FT,Medium,Medium,Medium
LoFert,540,7,FT,Medium,Medium,Medium
LoFert,32,7,FT,Medium,Medium,Medium
LoFert,308,7,FT,Medium,Medium,Medium
LoFert,414,7,FT,Medium,Medium,Medium
LoFert,328,7,FT,Medium,Medium,Medium
LoFert,222,7,FT,Medium,Medium,Medium
LoFert,144,7,FT,Medium,Medium,Medium
LoFert,12,7,FT,Medium,Medium,Medium
LoFert,504,7,FT,Medium,Medium,Medium
LoFert,50,7,FT,Medium,Medium,Medium
LoFert,638,7,FT,Medium,Medium,Medium
LoFert,634,7,FT,Medium,Medium,Medium
LoFert,388,7,FT,Medium,Medium,Medium
LoFert,484,7,FT,Medium,Medium,Medium
LoFert,740,7,FT,Medium,Medium,Medium
LoFert,170,7,FT,Medium,Medium,Medium
LoFert,496,7,FT,Medium,Medium,Medium
LoFert,795,7,FT,Medium,Medium,Medium
LoFert,512,7,FT,Medium,Medium,Medium
LoFert,398,7,FT,Medium,Medium,Medium
LoFert,316,7,FT,Medium,Medium,Medium
LoFert,710,7,FT,Medium,Medium,Medium
LoFert,862,7,FT,Medium,Medium,Medium
LoFert,591,7,FT,Medium,Medium,Medium
LoFert,218,7,FT,Medium,Medium,Medium
LoFert,132,7,FT,Medium,Medium,Medium
LoFert,604,7,FT,Medium,Medium,Medium
LoFert,64,7,FT,Medium,Medium,Medium
LoFert,48,7,FT,Medium,Medium,Medium
LoFert,214,7,FT,Medium,Medium,Medium
LoFert,732,7,FT,Medium,Medium,Medium
LoFert,417,7,FT,Medium,Medium,Medium
LoFert,434,7,FT,Medium,Medium,Medium
LoFert,458,7,FT,Medium,Medium,Medium
LoFert,356,7,FT,Medium,Medium,Medium
LoFert,242,7,FT,Medium,Medium,Medium
LoFert,558,7,FT,Medium,Medium,Medium
LoFert,116,7,FT,Medium,Medium,Medium
LoFert,818,7,FT,Medium,Medium,Medium
LoFert,72,7,FT,Medium,Medium,Medium
LoFert,860,7,FT,Medium,Medium,Medium
RiOECD,703,7,FT,Medium,Medium,Medium
RiOECD,410,7,FT,Medium,Medium,Medium
RiOECD,392,7,FT,Medium,Medium,Medium
RiOECD,616,7,FT,Medium,Medium,Medium
RiOECD,348,7,FT,Medium,Medium,Medium
RiOECD,620,7,FT,Medium,Medium,Medium
RiOECD,276,7,FT,Medium,Medium,Medium
RiOECD,380,7,FT,Medium,Medium,Medium
RiOECD,40,7,FT,Medium,Medium,Medium
RiOECD,705,7,FT,Medium,Medium,Medium
RiOECD,203,7,FT,Medium,Medium,Medium
RiOECD,724,7,FT,Medium,Medium,Medium
RiOECD,300,7,FT,Medium,Medium,Medium
RiOECD,756,7,FT,Medium,Medium,Medium
RiOECD,442,7,FT,Medium,Medium,Medium
RiOECD,233,7,FT,Medium,Medium,Medium
RiOECD,124,7,FT,Medium,Medium,Medium
RiOECD,528,7,FT,Medium,Medium,Medium
RiOECD,56,7,FT,Medium,Medium,Medium
RiOECD,826,7,FT,Medium,Medium,Medium
RiOECD,246,7,FT,Medium,Medium,Medium
RiOECD,208,7,FT,Medium,Medium,Medium
RiOECD,752,7,FT,Medium,Medium,Medium
RiOECD,578,7,FT,Medium,Medium,Medium
RiOECD,36,7,FT,Medium,Medium,Medium
RiOECD,250,7,FT,Medium,Medium,Medium
RiOECD,840,7,FT,Medium,Medium,Medium
RiOECD,352,7,FT,Medium,Medium,Medium
RiOECD,372,7,FT,Medium,Medium,Medium
RiOECD,554,7,FT,Medium,Medium,Medium
RiOECD,376,7,FT,Medium,Medium,Medium
